CustomerID,Age,Country,Destination,PackageType,BookingChannel,NumberOfTravelers,TripDuration,Season,TotalSpend,Satisfaction
1,56,UK,Tokyo,Standard,Online,3,6,Fall," 3,868.74 ",4
2,69,UK,Tokyo,Budget,Online,2,3,Fall," 2,671.71 ",4
3,46,USA,Tokyo,Budget,Agent,1,10,Fall," 1,472.14 ",4
4,32,France,Sydney,Budget,Direct,1,9,Summer," 1,472.14 ",4
5,60,Germany,Paris,Standard,Agent,3,13,Fall," 3,718.06 ",4
6,25,Canada,New York,Luxury,Online,3,7,Winter," 4,807.11 ",3
7,38,USA,Cape Town,Luxury,Online,3,12,Spring," 2,421.97 ",2
8,56,USA,New York,Luxury,Direct,1,7,Fall," 2,637.95 ",4
9,36,Australia,New York,Standard,Online,2,9,Fall," 4,540.80 ",4
10,40,Canada,Rome,Luxury,Direct,2,7,Summer," 2,862.72 ",4
11,28,Australia,Paris,Standard,Agent,1,10,Summer," 3,682.76 ",4
12,28,Germany,Rome,Luxury,Direct,4,13,Spring," 1,634.78 ",2
13,41,USA,Paris,Luxury,Direct,2,8,Winter," 2,510.27 ",5
14,53,USA,Paris,Budget,Online,3,7,Spring," 1,472.14 ",4
15,57,France,Tokyo,Standard,Online,4,11,Fall," 1,426.91 ",4
16,41,Germany,Sydney,Budget,Direct,4,13,Winter," 1,472.14 ",4
17,20,USA,Tokyo,Budget,Online,2,4,Winter," 1,472.14 ",4
18,39,Germany,Sydney,Budget,Online,4,3,Winter," 1,472.14 ",4
19,19,Canada,Rome,Standard,Online,4,10,Winter," 1,590.59 ",4
20,41,UK,Sydney,Standard,Direct,2,14,Spring," 3,484.90 ",4
21,61,USA,Rome,Luxury,Online,2,5,Summer," 4,275.95 ",2
22,47,France,New York,Budget,Direct,4,13,Summer," 1,472.14 ",4
23,55,Canada,New York,Luxury,Online,3,14,Fall," 1,189.15 ",5
24,19,Germany,Sydney,Budget,Agent,1,14,Summer," 1,472.14 ",4
25,38,Australia,Sydney,Standard,Online,4,14,Summer," 3,201.13 ",4
26,50,Canada,Rome,Standard,Online,4,9,Summer," 3,790.63 ",4
27,29,USA,Tokyo,Standard,Direct,3,12,Summer," 3,963.86 ",4
28,39,Germany,Rome,Budget,Direct,4,13,Fall," 1,472.14 ",4
29,61,UK,Tokyo,Standard,Online,4,10,Spring," 3,081.03 ",4
30,42,Canada,New York,Budget,Agent,1,8,Winter," 1,472.14 ",4
31,66,USA,Paris,Luxury,Online,1,14,Summer," 3,418.09 ",3
32,44,France,Sydney,Budget,Online,1,12,Spring," 1,472.14 ",4
33,59,Australia,Tokyo,Luxury,Agent,2,11,Summer," 4,538.29 ",2
34,45,Germany,Rome,Budget,Direct,2,9,Summer," 1,472.14 ",4
35,33,Canada,New York,Luxury,Online,1,12,Winter," 1,975.29 ",5
36,32,Canada,Tokyo,Standard,Direct,1,7,Winter," 4,170.85 ",4
37,64,UK,Rome,Luxury,Direct,2,10,Winter," 3,187.91 ",5
38,68,UK,Sydney,Standard,Agent,3,4,Summer," 2,271.36 ",4
39,61,France,Sydney,Standard,Agent,4,9,Summer," 2,630.46 ",4
40,69,Australia,Cape Town,Luxury,Direct,4,6,Summer," 4,345.46 ",5
41,20,France,Paris,Budget,Online,1,11,Winter," 1,472.14 ",4
42,54,USA,Cape Town,Budget,Direct,3,14,Fall," 1,472.14 ",4
43,68,USA,New York,Budget,Online,2,3,Spring," 1,472.14 ",4
44,24,France,Tokyo,Budget,Online,1,9,Fall," 1,472.14 ",4
45,38,Australia,New York,Budget,Agent,3,8,Summer," 1,472.14 ",4
46,26,France,Rome,Standard,Online,3,10,Summer," 1,318.18 ",4
47,56,Australia,Sydney,Budget,Online,3,7,Fall," 1,472.14 ",4
48,35,Australia,Cape Town,Standard,Direct,2,3,Summer," 1,244.75 ",4
49,21,Germany,Cape Town,Standard,Agent,2,3,Spring," 3,679.72 ",4
50,42,Australia,Cape Town,Standard,Online,4,11,Summer," 2,909.06 ",4
51,31,UK,New York,Luxury,Online,4,12,Spring," 3,358.96 ",1
52,67,Australia,Sydney,Luxury,Agent,3,8,Fall," 1,384.19 ",3
53,26,Australia,Tokyo,Standard,Direct,3,12,Fall," 1,452.86 ",4
54,43,Australia,Rome,Luxury,Agent,2,7,Summer, 686.74 ,1
55,19,USA,Tokyo,Budget,Agent,4,3,Spring," 1,472.14 ",4
56,37,UK,New York,Budget,Online,3,8,Summer," 1,472.14 ",4
57,45,UK,Rome,Standard,Online,4,8,Winter," 4,360.71 ",4
58,64,France,Cape Town,Budget,Direct,4,5,Winter," 1,472.14 ",4
59,24,Germany,Paris,Standard,Online,3,10,Winter," 2,459.28 ",4
60,61,Australia,New York,Standard,Online,2,3,Winter," 4,789.04 ",4
61,25,Canada,New York,Budget,Agent,3,3,Summer," 3,736.60 ",4
62,64,Germany,Sydney,Luxury,Online,3,8,Winter," 4,685.74 ",3
63,52,Germany,Tokyo,Budget,Direct,4,12,Spring," 2,874.15 ",4
64,31,UK,New York,Budget,Agent,3,3,Fall," 1,665.07 ",4
65,34,Germany,New York,Standard,Direct,2,8,Fall, 737.72 ,4
66,53,Australia,Cape Town,Standard,Agent,3,3,Winter," 3,767.38 ",4
67,67,Australia,Cape Town,Standard,Online,2,8,Winter," 1,045.86 ",4
68,57,USA,Rome,Standard,Agent,2,5,Winter," 1,862.49 ",4
69,21,Australia,Paris,Luxury,Agent,4,10,Summer," 2,896.12 ",3
70,19,Australia,Sydney,Luxury,Online,1,8,Fall," 3,039.87 ",4
71,23,UK,Paris,Luxury,Online,1,13,Winter," 3,202.62 ",5
72,59,Australia,Rome,Standard,Direct,4,3,Spring," 1,248.15 ",4
73,21,USA,Cape Town,Standard,Direct,3,7,Winter," 2,208.82 ",4
74,46,Canada,Tokyo,Standard,Online,4,10,Fall," 3,277.37 ",4
75,35,UK,Cape Town,Luxury,Online,2,5,Winter," 4,864.18 ",2
76,43,Canada,Sydney,Standard,Online,1,14,Fall," 3,774.34 ",4
77,61,UK,Cape Town,Budget,Agent,4,8,Winter," 4,651.72 ",4
78,51,France,Sydney,Budget,Agent,3,7,Spring," 3,929.95 ",2
79,27,Germany,Sydney,Standard,Agent,4,8,Winter," 3,162.73 ",4
80,53,France,Sydney,Budget,Online,1,12,Spring," 1,364.11 ",4
81,31,Australia,Rome,Budget,Direct,4,3,Spring," 3,500.09 ",5
82,48,Canada,Sydney,Luxury,Online,4,9,Winter," 3,305.21 ",5
83,65,Australia,Sydney,Standard,Agent,1,11,Spring," 3,211.11 ",4
84,32,Germany,Tokyo,Standard,Agent,2,4,Summer," 2,704.04 ",4
85,25,UK,Paris,Luxury,Online,2,12,Winter," 2,878.95 ",4
86,31,Germany,New York,Budget,Online,1,7,Winter," 2,004.99 ",1
87,40,USA,Paris,Budget,Agent,4,12,Spring," 2,836.91 ",2
88,57,Germany,Sydney,Standard,Agent,1,6,Spring," 1,389.00 ",4
89,38,USA,Tokyo,Budget,Agent,2,8,Winter," 4,123.28 ",5
90,33,Germany,Cape Town,Luxury,Online,3,8,Summer," 1,336.00 ",4
91,62,USA,Tokyo,Luxury,Agent,4,13,Spring, 882.35 ,3
92,35,Canada,Sydney,Standard,Agent,2,4,Spring," 2,463.11 ",4
93,64,Australia,Tokyo,Luxury,Direct,4,4,Fall," 3,462.38 ",4
94,41,Australia,Tokyo,Luxury,Online,1,6,Summer," 2,469.73 ",1
95,43,France,Sydney,Standard,Direct,3,3,Summer," 1,745.39 ",4
96,42,Australia,Rome,Luxury,Direct,1,11,Winter," 3,011.77 ",1
97,62,UK,Tokyo,Luxury,Agent,3,9,Summer," 2,061.51 ",2
98,58,Germany,New York,Luxury,Online,4,14,Winter," 4,697.90 ",2
99,46,France,New York,Budget,Agent,4,9,Fall," 4,651.90 ",5
100,32,UK,Tokyo,Standard,Online,1,5,Summer," 2,760.67 ",4
101,62,UK,Rome,Standard,Direct,3,13,Spring," 1,975.48 ",4
102,18,USA,Cape Town,Standard,Online,3,14,Fall," 3,817.10 ",4
103,42,Australia,Sydney,Budget,Agent,4,5,Winter, 665.21 ,5
104,24,Canada,New York,Budget,Agent,1,3,Fall, 665.21 ,5
105,26,Canada,Cape Town,Standard,Agent,3,5,Winter," 2,013.46 ",4
106,41,France,Tokyo,Budget,Online,4,5,Fall, 665.21 ,5
107,18,Canada,Cape Town,Standard,Direct,2,6,Winter, 554.01 ,4
108,61,Germany,Paris,Budget,Direct,1,6,Summer, 665.21 ,5
109,25,Canada,New York,Luxury,Online,2,5,Spring," 3,832.99 ",5
110,41,France,Tokyo,Luxury,Agent,1,12,Winter," 2,682.58 ",1
111,28,Canada,Sydney,Standard,Direct,4,14,Fall, 884.31 ,4
112,68,Germany,Rome,Budget,Agent,3,10,Winter, 665.21 ,5
113,34,USA,Tokyo,Budget,Online,3,10,Winter, 665.21 ,5
114,25,France,Sydney,Luxury,Agent,3,3,Winter," 3,263.84 ",1
115,52,USA,Rome,Luxury,Direct,1,9,Fall," 1,564.74 ",1
116,52,USA,Rome,Budget,Direct,4,13,Spring, 665.21 ,5
117,50,USA,Tokyo,Budget,Agent,2,4,Summer, 665.21 ,5
118,22,UK,Cape Town,Budget,Online,4,3,Spring, 665.21 ,5
119,59,Australia,Cape Town,Budget,Agent,2,5,Winter, 665.21 ,5
120,56,UK,Rome,Budget,Online,1,6,Fall, 665.21 ,5
121,58,Australia,Cape Town,Budget,Agent,1,8,Spring, 665.21 ,5
122,45,USA,Paris,Standard,Direct,2,12,Winter," 1,377.31 ",4
123,24,France,Rome,Budget,Online,2,7,Summer, 665.21 ,5
124,26,Australia,Rome,Luxury,Online,2,6,Summer," 3,959.36 ",2
125,25,Germany,Sydney,Standard,Online,4,10,Summer, 778.76 ,4
126,29,Germany,Cape Town,Budget,Direct,2,13,Winter, 665.21 ,5
127,51,Canada,Rome,Luxury,Agent,1,14,Fall," 1,036.45 ",1
128,50,Australia,Paris,Standard,Direct,1,6,Spring, 664.07 ,4
129,65,France,Sydney,Luxury,Online,3,12,Summer, 737.35 ,5
130,40,UK,Tokyo,Budget,Agent,2,14,Winter, 665.21 ,5
131,41,USA,Rome,Budget,Direct,4,4,Winter, 665.21 ,5
132,54,Canada,Paris,Budget,Online,4,5,Spring, 665.21 ,5
133,52,Germany,New York,Budget,Online,4,8,Summer, 665.21 ,5
134,61,UK,Paris,Standard,Direct,3,10,Winter," 4,297.97 ",5
135,57,UK,Paris,Standard,Direct,1,10,Spring," 1,680.84 ",2
136,39,USA,Sydney,Luxury,Direct,4,13,Fall," 2,397.71 ",4
137,44,Australia,Tokyo,Budget,Online,1,11,Fall, 665.21 ,5
138,52,Germany,New York,Luxury,Direct,3,9,Fall," 2,520.85 ",4
139,18,France,Cape Town,Standard,Online,2,4,Summer," 3,099.26 ",2
140,52,UK,Cape Town,Budget,Direct,2,10,Spring, 665.21 ,5
141,54,USA,Paris,Budget,Online,2,9,Spring, 665.21 ,5
142,64,France,Sydney,Standard,Online,4,10,Winter," 1,919.90 ",3
143,31,Australia,Sydney,Standard,Agent,2,14,Winter, 979.81 ,3
144,20,Germany,Cape Town,Standard,Direct,4,5,Winter," 2,150.59 ",2
145,18,Australia,New York,Standard,Direct,3,9,Spring, 947.73 ,5
146,22,UK,Tokyo,Standard,Online,3,12,Winter," 3,949.68 ",5
147,43,France,New York,Budget,Online,4,11,Spring, 665.21 ,5
148,31,France,Rome,Standard,Online,1,5,Spring," 4,865.34 ",3
149,56,France,Rome,Budget,Agent,2,12,Fall, 665.21 ,5
150,44,UK,Tokyo,Budget,Agent,2,8,Winter, 665.21 ,5
151,26,UK,Cape Town,Standard,Online,2,4,Fall," 3,653.90 ",3
152,32,Australia,Tokyo,Standard,Direct,4,4,Summer," 1,783.43 ",1
153,32,Canada,Sydney,Budget,Direct,3,7,Summer, 665.21 ,5
154,43,Australia,Rome,Standard,Agent,2,7,Summer," 2,550.42 ",2
155,59,Germany,Paris,Standard,Agent,3,9,Spring," 2,669.08 ",3
156,30,USA,Paris,Standard,Online,2,14,Spring," 3,909.99 ",4
157,68,France,Cape Town,Luxury,Direct,2,4,Spring," 1,768.63 ",1
158,49,Canada,Sydney,Budget,Online,4,13,Winter, 665.21 ,5
159,56,USA,New York,Luxury,Agent,1,9,Fall," 4,660.89 ",3
160,66,Canada,Sydney,Standard,Direct,4,7,Spring, 753.01 ,4
161,69,Australia,Paris,Luxury,Direct,2,8,Fall," 2,685.35 ",1
162,49,UK,Paris,Standard,Agent,2,10,Fall," 4,607.60 ",2
163,21,France,Rome,Luxury,Online,1,12,Fall," 3,246.63 ",1
164,47,Australia,Sydney,Standard,Online,3,14,Winter," 2,958.83 ",4
165,54,USA,Sydney,Luxury,Direct,3,6,Winter," 1,623.85 ",5
166,40,USA,Paris,Luxury,Agent,2,9,Summer," 2,044.74 ",5
167,56,USA,New York,Luxury,Direct,3,8,Summer," 4,334.22 ",3
168,62,USA,Cape Town,Budget,Agent,2,12,Fall, 665.21 ,5
169,32,USA,Cape Town,Luxury,Online,1,4,Summer," 2,816.34 ",1
170,60,Canada,Sydney,Budget,Agent,1,10,Fall, 665.21 ,5
171,46,Australia,Cape Town,Standard,Online,2,12,Winter, 572.13 ,5
172,53,France,Paris,Luxury,Agent,1,11,Winter," 4,836.58 ",5
173,30,UK,Paris,Standard,Direct,4,7,Winter," 2,196.44 ",2
174,49,UK,Sydney,Standard,Online,4,12,Spring," 3,214.46 ",5
175,24,Australia,Sydney,Luxury,Direct,1,6,Fall, 858.72 ,2
176,68,Australia,Rome,Budget,Direct,2,8,Winter, 665.21 ,5
177,39,UK,Sydney,Luxury,Online,2,10,Fall," 4,696.55 ",2
178,45,UK,New York,Standard,Online,1,13,Summer," 3,090.49 ",2
179,19,Canada,Cape Town,Standard,Direct,3,5,Summer," 1,067.52 ",3
180,59,Germany,Sydney,Luxury,Direct,4,12,Winter," 3,117.75 ",5
181,62,France,Tokyo,Budget,Direct,3,13,Fall, 665.21 ,5
182,23,USA,Rome,Budget,Direct,2,13,Winter, 665.21 ,5
183,45,Germany,Tokyo,Standard,Online,2,3,Summer," 4,459.27 ",4
184,45,Australia,Paris,Standard,Online,3,6,Winter," 3,419.07 ",2
185,61,UK,Cape Town,Budget,Direct,1,6,Fall, 665.21 ,5
186,61,Germany,Sydney,Luxury,Agent,3,3,Summer," 3,305.77 ",3
187,37,France,Tokyo,Standard,Agent,3,11,Spring," 1,090.80 ",1
188,47,Australia,Cape Town,Budget,Online,4,5,Summer, 665.21 ,5
189,28,USA,Paris,Standard,Direct,4,7,Spring," 1,408.08 ",4
190,45,USA,New York,Luxury,Direct,3,8,Winter," 4,589.72 ",2
191,42,France,Rome,Budget,Online,3,10,Winter, 665.21 ,5
192,56,France,Cape Town,Standard,Agent,2,8,Fall," 3,543.79 ",5
193,50,UK,Cape Town,Luxury,Agent,4,5,Spring," 1,854.35 ",2
194,18,USA,New York,Standard,Agent,4,8,Winter," 1,328.20 ",1
195,44,Australia,Cape Town,Luxury,Online,2,3,Spring," 3,904.03 ",4
196,69,Germany,Paris,Luxury,Agent,1,6,Winter," 2,633.71 ",3
197,30,Australia,Paris,Budget,Online,4,8,Summer, 665.21 ,5
198,58,Canada,New York,Luxury,Online,4,9,Winter," 3,274.80 ",2
199,20,Canada,Rome,Standard,Direct,1,13,Fall, 681.50 ,3
200,56,France,Sydney,Luxury,Agent,4,13,Summer," 1,967.77 ",5
201,23,UK,Tokyo,Luxury,Online,4,12,Fall," 2,608.51 ",4
202,25,Canada,Sydney,Budget,Agent,1,5,Summer, 665.21 ,5
203,44,USA,Cape Town,Luxury,Agent,1,11,Spring," 4,930.95 ",3
204,26,Australia,Tokyo,Luxury,Direct,3,14,Fall," 1,440.94 ",3
205,54,Australia,New York,Standard,Agent,2,14,Winter," 1,086.59 ",1
206,50,France,New York,Budget,Direct,2,9,Spring, 665.21 ,5
207,68,Germany,Rome,Budget,Online,1,3,Winter, 665.21 ,5
208,59,France,Tokyo,Budget,Agent,1,4,Summer, 665.21 ,5
209,61,Germany,Paris,Luxury,Online,4,3,Summer," 3,044.37 ",3
210,41,France,Tokyo,Budget,Agent,3,13,Winter, 665.21 ,5
211,32,France,Cape Town,Luxury,Online,3,11,Winter, 654.94 ,5
212,49,France,Paris,Luxury,Agent,1,11,Spring," 2,506.21 ",5
213,49,Germany,New York,Standard,Agent,4,9,Winter," 4,174.95 ",2
214,41,Germany,Tokyo,Standard,Agent,4,12,Fall," 4,483.57 ",3
215,58,France,Sydney,Standard,Agent,2,5,Fall, 890.18 ,2
216,69,Canada,Rome,Standard,Agent,2,7,Winter," 2,922.63 ",4
217,66,UK,Sydney,Standard,Agent,4,6,Fall," 4,609.53 ",2
218,66,UK,Rome,Luxury,Agent,2,9,Winter," 2,245.88 ",4
219,69,UK,Cape Town,Luxury,Agent,1,11,Spring," 4,233.05 ",4
220,29,Germany,Sydney,Budget,Agent,4,14,Fall, 665.21 ,5
221,56,Germany,Tokyo,Luxury,Online,2,4,Fall," 4,709.28 ",2
222,19,Canada,Tokyo,Luxury,Direct,3,10,Winter," 3,881.40 ",3
223,20,UK,Sydney,Standard,Agent,4,11,Fall," 4,736.00 ",2
224,66,UK,Tokyo,Luxury,Direct,4,12,Summer," 3,544.78 ",3
225,54,France,Cape Town,Standard,Agent,3,12,Spring," 2,135.32 ",3
226,66,Germany,Paris,Budget,Agent,1,11,Spring, 665.21 ,5
227,34,UK,Cape Town,Budget,Online,3,12,Fall, 665.21 ,5
228,66,Australia,Rome,Luxury,Online,4,9,Fall," 1,994.78 ",3
229,19,Canada,Cape Town,Budget,Direct,1,11,Summer, 665.21 ,5
230,19,Australia,Rome,Luxury,Online,2,11,Summer," 3,943.92 ",3
231,45,Australia,Tokyo,Budget,Online,2,5,Fall, 665.21 ,5
232,40,Canada,Paris,Standard,Direct,2,6,Fall," 1,421.61 ",2
233,54,Australia,Tokyo,Standard,Online,4,4,Summer," 4,090.99 ",2
234,49,UK,New York,Standard,Agent,3,12,Winter," 3,823.46 ",2
235,50,Germany,Tokyo,Standard,Direct,1,5,Summer, 787.08 ,3
236,18,Canada,Rome,Luxury,Direct,2,13,Winter," 2,242.50 ",1
237,36,France,Tokyo,Budget,Agent,1,13,Spring, 665.21 ,5
238,19,Australia,Tokyo,Luxury,Online,4,7,Spring," 1,870.21 ",3
239,61,Canada,Paris,Standard,Direct,2,7,Summer," 4,923.26 ",4
240,43,USA,Tokyo,Luxury,Direct,4,8,Winter," 3,392.50 ",4
241,49,USA,Paris,Budget,Agent,3,9,Summer, 665.21 ,5
242,23,Germany,Sydney,Luxury,Agent,4,9,Summer," 4,894.78 ",5
243,49,UK,New York,Budget,Online,4,3,Winter, 665.21 ,5
244,21,Germany,Paris,Luxury,Direct,3,4,Summer," 4,108.28 ",3
245,28,Germany,Rome,Budget,Online,1,14,Spring, 665.21 ,5
246,34,Germany,Sydney,Budget,Online,3,11,Fall, 665.21 ,5
247,55,Germany,Paris,Standard,Agent,3,12,Fall," 1,312.96 ",2
248,41,France,Paris,Budget,Direct,4,4,Summer, 665.21 ,5
249,22,France,New York,Standard,Direct,1,8,Winter," 1,484.47 ",3
250,69,Canada,Rome,Standard,Direct,2,13,Winter," 1,967.99 ",5
251,51,USA,Cape Town,Standard,Agent,3,13,Spring," 3,902.87 ",4
252,23,Germany,Cape Town,Luxury,Agent,1,3,Winter," 2,271.90 ",4
253,39,Canada,Paris,Luxury,Agent,3,5,Winter," 3,236.95 ",4
254,28,USA,Tokyo,Luxury,Agent,3,4,Spring," 2,500.58 ",2
255,65,Australia,Rome,Luxury,Agent,3,5,Summer," 3,840.66 ",5
256,33,UK,Sydney,Budget,Direct,3,7,Fall, 665.21 ,5
257,50,France,Tokyo,Budget,Online,4,13,Spring, 763.06 ,5
258,26,Australia,Tokyo,Luxury,Direct,1,12,Summer," 1,849.68 ",4
259,23,USA,Rome,Budget,Online,1,8,Spring," 2,634.39 ",5
260,33,Australia,Paris,Budget,Agent,1,11,Summer," 1,256.09 ",5
261,46,UK,Paris,Standard,Online,3,14,Spring," 2,096.59 ",3
262,20,USA,Paris,Standard,Direct,4,13,Summer," 2,299.92 ",3
263,37,Australia,Paris,Standard,Direct,3,12,Spring, 758.26 ,5
264,53,France,Cape Town,Standard,Online,3,14,Summer," 3,124.88 ",5
265,36,France,Paris,Budget,Agent,1,14,Spring," 4,479.55 ",5
266,43,Canada,Cape Town,Luxury,Agent,3,6,Fall," 1,182.84 ",2
267,20,Australia,Cape Town,Budget,Direct,2,9,Fall," 3,190.14 ",5
268,36,Germany,Paris,Budget,Online,3,8,Winter," 3,491.33 ",5
269,37,Australia,New York,Budget,Agent,2,4,Summer," 2,387.01 ",5
270,49,USA,Sydney,Standard,Agent,3,12,Spring," 3,654.94 ",1
271,24,USA,Tokyo,Standard,Direct,4,13,Summer," 2,348.29 ",3
272,69,Australia,Cape Town,Standard,Agent,4,13,Fall," 2,770.87 ",2
273,58,UK,Rome,Luxury,Online,1,13,Summer, 533.09 ,3
274,50,France,Rome,Budget,Direct,3,10,Spring," 3,612.74 ",5
275,57,USA,Sydney,Luxury,Direct,2,9,Summer," 3,476.04 ",4
276,56,France,Rome,Standard,Online,2,9,Spring, 672.80 ,4
277,35,USA,New York,Luxury,Direct,3,10,Fall," 2,157.13 ",5
278,57,Canada,Rome,Budget,Agent,2,14,Fall," 4,905.64 ",5
279,18,Germany,Tokyo,Budget,Agent,4,14,Fall," 2,393.31 ",5
280,28,USA,Tokyo,Standard,Online,2,13,Winter," 2,758.75 ",5
281,45,France,Cape Town,Standard,Agent,1,3,Fall," 4,594.69 ",1
282,42,Canada,Paris,Luxury,Online,4,3,Summer," 3,727.68 ",4
283,67,USA,New York,Standard,Online,4,10,Winter," 3,119.32 ",4
284,40,UK,Cape Town,Standard,Agent,4,6,Fall," 4,090.12 ",1
285,48,Germany,New York,Budget,Online,3,7,Summer," 4,389.65 ",5
286,47,USA,Paris,Standard,Agent,3,10,Summer," 2,556.00 ",3
287,59,Canada,Rome,Standard,Direct,4,7,Summer," 2,637.99 ",2
288,52,UK,Rome,Budget,Direct,3,12,Spring," 2,237.23 ",5
289,24,Australia,Paris,Budget,Online,2,6,Winter," 4,850.18 ",5
290,33,Canada,Cape Town,Luxury,Agent,3,14,Summer," 3,637.25 ",3
291,43,Canada,Paris,Standard,Agent,3,8,Spring, 874.50 ,1
292,65,UK,Sydney,Budget,Direct,4,14,Fall," 4,383.32 ",5
293,69,Canada,Tokyo,Luxury,Direct,1,7,Summer," 2,662.52 ",4
294,66,UK,Cape Town,Luxury,Agent,1,9,Spring, 809.39 ,4
295,19,USA,New York,Standard,Online,1,12,Summer," 2,973.73 ",1
296,18,UK,Sydney,Standard,Direct,2,9,Winter," 2,377.24 ",3
297,65,UK,Cape Town,Luxury,Online,3,6,Winter," 4,449.87 ",4
298,29,Germany,Paris,Budget,Online,1,14,Fall," 1,417.98 ",5
299,22,UK,Paris,Luxury,Direct,4,7,Summer," 4,219.09 ",5
300,54,UK,Paris,Standard,Online,1,5,Spring," 3,009.60 ",2
301,49,Australia,Paris,Budget,Online,1,6,Fall, 745.75 ,5
302,26,USA,New York,Budget,Agent,3,6,Summer," 4,873.30 ",5
303,58,Germany,Sydney,Luxury,Online,3,5,Fall," 2,806.77 ",3
304,52,Australia,Rome,Standard,Agent,3,12,Spring," 1,808.95 ",4
305,36,France,Tokyo,Luxury,Direct,2,7,Fall," 2,612.33 ",5
306,65,USA,New York,Luxury,Direct,2,7,Fall," 4,360.36 ",2
307,33,USA,New York,Luxury,Agent,1,13,Fall," 1,872.06 ",4
308,20,France,Rome,Budget,Direct,3,9,Summer," 1,367.04 ",5
309,37,UK,Rome,Budget,Online,1,6,Spring," 1,080.82 ",5
310,41,Australia,Tokyo,Standard,Online,4,6,Winter," 1,840.37 ",2
311,50,Canada,Tokyo,Standard,Online,4,11,Summer," 4,010.22 ",4
312,41,Germany,Rome,Luxury,Direct,3,8,Winter," 2,622.32 ",2
313,69,Canada,Paris,Luxury,Online,3,6,Winter," 1,523.67 ",5
314,28,France,New York,Luxury,Direct,4,4,Summer," 1,247.83 ",5
315,66,USA,Cape Town,Standard,Online,3,8,Summer," 1,997.28 ",4
316,25,USA,Tokyo,Budget,Agent,2,4,Spring," 4,729.66 ",5
317,53,Germany,Tokyo,Budget,Direct,2,7,Spring," 2,043.62 ",5
318,55,USA,Rome,Luxury,Direct,3,8,Fall," 4,946.56 ",5
319,57,USA,Sydney,Luxury,Online,4,6,Winter," 2,683.54 ",1
320,37,Germany,Cape Town,Luxury,Direct,1,5,Spring," 1,306.24 ",1
321,52,Australia,Cape Town,Luxury,Direct,3,9,Fall," 4,510.13 ",2
322,65,Australia,Tokyo,Standard,Agent,3,4,Spring," 2,571.60 ",2
323,42,Germany,Paris,Budget,Agent,1,13,Summer," 3,693.52 ",5
324,52,France,Sydney,Luxury,Online,3,8,Spring," 4,926.70 ",5
325,42,USA,Cape Town,Standard,Agent,1,6,Winter, 725.79 ,2
326,46,USA,Tokyo,Luxury,Online,4,8,Spring, 935.13 ,4
327,35,France,Cape Town,Luxury,Online,2,6,Winter," 3,742.06 ",4
328,63,Australia,Sydney,Budget,Online,4,6,Summer," 1,768.21 ",5
329,35,UK,Sydney,Luxury,Direct,2,6,Winter," 1,329.36 ",2
330,19,UK,New York,Budget,Agent,1,11,Spring, 677.13 ,5
331,52,UK,Rome,Budget,Online,2,9,Fall, 598.31 ,5
332,33,Australia,Rome,Budget,Agent,4,5,Summer," 3,985.19 ",5
333,58,Australia,Tokyo,Standard,Online,2,5,Spring," 1,104.95 ",4
334,53,France,Sydney,Standard,Agent,1,8,Summer," 2,604.74 ",1
335,50,USA,New York,Budget,Agent,2,8,Summer," 3,226.54 ",5
336,21,France,New York,Luxury,Online,3,6,Spring," 2,427.58 ",5
337,50,France,Cape Town,Budget,Direct,4,11,Spring, 621.98 ,5
338,31,Australia,Cape Town,Luxury,Agent,3,6,Fall," 4,025.76 ",4
339,38,UK,New York,Budget,Direct,1,11,Summer, 547.31 ,5
340,65,Canada,Cape Town,Luxury,Direct,2,6,Summer," 3,928.50 ",2
341,37,USA,Sydney,Standard,Online,3,4,Spring," 4,519.87 ",4
342,25,Australia,Paris,Luxury,Online,3,4,Winter," 2,447.78 ",3
343,24,UK,Sydney,Budget,Online,2,7,Spring," 2,909.94 ",5
344,20,Canada,New York,Standard,Agent,2,6,Summer," 2,646.43 ",3
345,34,Canada,New York,Luxury,Online,4,9,Spring," 2,251.44 ",3
346,50,Australia,Sydney,Luxury,Online,3,13,Fall," 4,493.41 ",5
347,65,Germany,Cape Town,Luxury,Agent,3,7,Winter," 4,522.70 ",2
348,29,USA,Cape Town,Luxury,Agent,1,8,Spring," 2,011.17 ",2
349,68,Canada,Rome,Luxury,Online,4,12,Fall," 3,267.81 ",3
350,39,Australia,New York,Standard,Online,1,6,Summer," 4,671.08 ",2
351,39,Australia,Tokyo,Standard,Online,3,14,Spring," 4,829.26 ",1
352,63,UK,Rome,Standard,Online,1,4,Summer," 2,790.32 ",3
353,47,Germany,Cape Town,Standard,Direct,3,12,Fall," 2,537.71 ",2
354,55,USA,Sydney,Budget,Direct,3,11,Summer," 1,754.12 ",5
355,55,France,Cape Town,Standard,Online,1,12,Fall," 4,814.92 ",5
356,62,UK,Sydney,Luxury,Direct,1,9,Fall," 1,142.66 ",2
357,68,Canada,Rome,Luxury,Agent,2,6,Fall," 3,109.23 ",1
358,25,Canada,New York,Standard,Direct,2,5,Spring," 1,771.48 ",4
359,44,UK,Cape Town,Luxury,Direct,2,12,Summer," 1,755.54 ",4
360,44,Australia,Sydney,Standard,Online,3,5,Summer," 2,322.36 ",1
361,51,Canada,New York,Luxury,Direct,1,11,Winter," 4,994.57 ",3
362,38,Germany,Tokyo,Budget,Direct,4,7,Winter, 747.35 ,5
363,47,USA,Sydney,Budget,Direct,3,5,Winter," 3,103.44 ",5
364,50,Germany,Rome,Standard,Direct,4,7,Winter, 871.57 ,4
365,45,Canada,Tokyo,Standard,Agent,1,4,Summer," 1,195.34 ",3
366,64,France,Tokyo,Standard,Online,3,13,Fall," 2,478.03 ",3
367,50,USA,Paris,Luxury,Online,4,6,Fall," 2,797.07 ",4
368,22,USA,Cape Town,Standard,Agent,4,12,Spring," 1,664.57 ",5
369,65,UK,Sydney,Budget,Direct,2,4,Fall," 1,924.06 ",5
370,36,UK,Tokyo,Luxury,Agent,2,4,Summer, 891.35 ,1
371,21,France,Paris,Standard,Direct,2,14,Summer," 1,864.49 ",2
372,52,Australia,Rome,Luxury,Agent,3,10,Summer," 4,849.51 ",3
373,66,USA,New York,Luxury,Online,1,3,Spring," 4,751.18 ",3
374,34,France,Sydney,Standard,Online,1,9,Winter," 2,006.95 ",5
375,61,UK,Tokyo,Luxury,Online,2,7,Fall," 3,068.84 ",1
376,45,UK,Cape Town,Budget,Direct,2,13,Summer," 4,593.18 ",5
377,47,USA,Paris,Budget,Direct,2,10,Summer, 527.83 ,5
378,46,Germany,Tokyo,Luxury,Agent,4,3,Winter," 4,148.08 ",2
379,63,Canada,Cape Town,Standard,Agent,2,13,Summer," 4,767.66 ",4
380,23,UK,Tokyo,Luxury,Online,4,9,Fall, 910.97 ,3
381,52,Australia,Sydney,Budget,Direct,1,7,Spring," 1,226.51 ",5
382,58,Australia,Sydney,Luxury,Agent,3,6,Summer," 4,823.36 ",4
383,54,UK,Sydney,Luxury,Direct,3,9,Fall," 2,918.93 ",5
384,41,Germany,Rome,Budget,Direct,3,12,Summer, 563.88 ,5
385,46,Germany,Rome,Luxury,Online,3,4,Winter," 1,659.34 ",2
386,66,France,Paris,Luxury,Online,4,14,Summer," 2,524.75 ",1
387,63,Australia,Sydney,Standard,Direct,4,3,Summer," 3,618.09 ",2
388,48,France,Cape Town,Standard,Direct,2,3,Spring," 3,799.22 ",5
389,52,Australia,Tokyo,Budget,Direct,4,13,Winter," 4,979.40 ",5
390,50,Canada,New York,Budget,Direct,2,14,Winter," 1,793.80 ",5
391,69,Canada,Cape Town,Budget,Online,2,3,Spring," 2,921.99 ",5
392,38,USA,Rome,Standard,Agent,3,14,Summer," 2,899.96 ",4
393,49,France,Rome,Budget,Online,4,7,Fall," 2,325.40 ",5
394,40,UK,Cape Town,Budget,Agent,4,12,Winter," 1,261.23 ",5
395,50,France,Rome,Budget,Direct,2,9,Winter," 4,898.55 ",5
396,20,UK,Sydney,Standard,Agent,2,4,Summer," 4,339.93 ",4
397,35,Germany,Paris,Luxury,Online,1,12,Summer," 2,742.50 ",5
398,42,France,Tokyo,Budget,Online,1,10,Winter," 3,214.60 ",5
399,59,Germany,Paris,Luxury,Direct,2,6,Summer," 1,522.67 ",3
400,48,Canada,Tokyo,Budget,Online,1,14,Fall," 2,947.04 ",5
401,20,Canada,Tokyo,Luxury,Direct,1,5,Winter," 3,627.37 ",3
402,57,USA,Paris,Standard,Online,2,12,Fall," 2,818.25 ",4
403,63,France,Cape Town,Standard,Online,2,13,Fall," 4,956.28 ",1
404,41,Germany,Tokyo,Budget,Direct,4,10,Summer," 3,251.04 ",5
405,67,UK,Paris,Luxury,Agent,2,4,Fall," 2,169.38 ",1
406,49,Canada,Tokyo,Standard,Online,2,13,Summer," 3,974.68 ",1
407,64,Canada,New York,Budget,Agent,3,13,Spring," 1,267.08 ",5
408,39,UK,Cape Town,Budget,Online,4,5,Summer," 2,230.32 ",5
409,40,Germany,Sydney,Standard,Online,4,14,Fall," 2,061.32 ",1
410,19,Germany,Tokyo,Standard,Online,4,5,Spring," 2,443.13 ",3
411,44,France,New York,Budget,Online,3,12,Summer," 4,018.01 ",5
412,59,France,Sydney,Luxury,Agent,2,13,Fall," 2,678.78 ",5
413,19,Australia,Sydney,Luxury,Agent,4,3,Winter," 4,073.07 ",4
414,43,Australia,Tokyo,Luxury,Online,4,8,Winter," 3,094.20 ",2
415,34,USA,Paris,Budget,Online,1,4,Summer," 2,039.31 ",5
416,57,Canada,Tokyo,Standard,Agent,4,3,Summer," 4,144.90 ",3
417,50,France,New York,Budget,Direct,2,4,Winter," 1,572.30 ",5
418,26,Germany,Sydney,Standard,Direct,2,14,Fall," 1,509.72 ",2
419,60,UK,Tokyo,Luxury,Agent,1,8,Fall," 2,770.26 ",3
420,65,Germany,Paris,Luxury,Online,4,6,Fall," 1,673.82 ",3
421,56,Canada,Tokyo,Standard,Online,4,8,Summer, 540.89 ,3
422,46,Australia,Cape Town,Standard,Direct,4,14,Spring," 3,417.34 ",1
423,59,Germany,Paris,Budget,Direct,3,11,Spring," 2,799.92 ",5
424,43,USA,New York,Luxury,Agent,4,12,Spring," 2,504.83 ",3
425,52,Canada,Sydney,Budget,Direct,2,14,Spring," 4,851.36 ",5
426,67,Australia,Tokyo,Budget,Agent,2,12,Spring," 3,070.40 ",5
427,42,UK,Paris,Budget,Direct,3,10,Summer," 4,385.44 ",5
428,41,Australia,Cape Town,Luxury,Direct,3,3,Summer," 1,127.53 ",1
429,30,USA,Paris,Budget,Direct,4,10,Spring," 3,061.43 ",5
430,24,Canada,Rome,Budget,Online,1,11,Summer," 4,405.91 ",5
431,53,UK,Cape Town,Budget,Online,3,8,Summer," 3,123.98 ",5
432,62,USA,New York,Budget,Online,3,12,Spring," 3,731.06 ",5
433,37,Australia,Sydney,Budget,Direct,4,7,Fall," 2,174.20 ",1
434,18,USA,New York,Budget,Agent,4,8,Summer, 916.02 ,4
435,25,Canada,Tokyo,Luxury,Agent,3,8,Fall," 2,560.55 ",1
436,63,France,Paris,Budget,Agent,1,11,Summer," 2,275.16 ",4
437,33,USA,Rome,Standard,Agent,3,6,Summer," 4,401.77 ",5
438,31,USA,Cape Town,Budget,Online,4,4,Spring," 1,597.98 ",4
439,29,Australia,Cape Town,Budget,Online,4,13,Summer," 4,850.30 ",4
440,68,Australia,Paris,Luxury,Direct,3,13,Winter," 4,811.62 ",5
441,40,UK,Rome,Luxury,Direct,1,11,Winter," 1,614.34 ",5
442,32,Australia,Paris,Standard,Agent,3,4,Spring," 2,066.23 ",2
443,45,Germany,Tokyo,Standard,Online,3,12,Fall," 4,530.00 ",3
444,51,Canada,New York,Luxury,Agent,4,11,Fall," 4,849.80 ",1
445,19,Canada,Cape Town,Luxury,Direct,1,4,Fall," 2,495.48 ",5
446,49,France,Tokyo,Budget,Direct,2,14,Winter," 1,944.49 ",4
447,40,France,New York,Luxury,Agent,1,10,Fall," 2,867.42 ",4
448,39,Canada,Tokyo,Standard,Direct,3,11,Fall," 3,594.96 ",1
449,68,France,Rome,Budget,Agent,3,14,Spring," 1,730.64 ",4
450,42,UK,Cape Town,Standard,Online,3,12,Fall," 3,814.13 ",1
451,39,Australia,Paris,Budget,Agent,1,11,Winter, 732.46 ,4
452,39,Canada,Paris,Luxury,Online,4,12,Winter, 721.83 ,1
453,66,France,New York,Standard,Online,3,11,Winter," 2,238.29 ",3
454,69,Canada,Sydney,Budget,Direct,3,4,Spring," 2,090.63 ",4
455,59,Germany,Rome,Budget,Direct,1,6,Spring," 1,920.35 ",4
456,23,USA,New York,Luxury,Direct,2,9,Summer," 2,709.59 ",2
457,32,Australia,Sydney,Luxury,Agent,2,14,Fall," 1,943.30 ",1
458,60,Canada,Tokyo,Luxury,Agent,4,4,Spring," 1,365.16 ",1
459,54,USA,Rome,Standard,Direct,4,3,Winter," 1,892.61 ",1
460,50,France,Tokyo,Budget,Agent,3,5,Winter," 4,887.07 ",1
461,25,USA,Cape Town,Luxury,Direct,1,14,Spring," 2,350.01 ",3
462,61,Australia,Rome,Standard,Agent,3,6,Spring," 2,501.21 ",4
463,61,Canada,Sydney,Standard,Online,4,10,Spring," 3,094.45 ",5
464,22,Germany,Cape Town,Standard,Online,1,8,Summer," 4,925.03 ",2
465,56,France,Paris,Luxury,Direct,1,13,Winter," 1,587.21 ",1
466,21,Canada,Sydney,Luxury,Agent,4,4,Summer," 3,565.77 ",4
467,23,Australia,New York,Budget,Agent,2,11,Summer," 3,721.93 ",5
468,62,France,Paris,Budget,Online,2,4,Fall," 3,232.96 ",4
469,49,UK,Paris,Luxury,Online,1,14,Winter, 898.60 ,3
470,69,USA,New York,Standard,Direct,3,7,Winter," 3,545.93 ",5
471,47,Australia,Rome,Standard,Online,2,14,Spring, 788.43 ,4
472,64,UK,Paris,Standard,Direct,3,6,Spring," 3,182.64 ",3
473,52,Canada,Sydney,Budget,Online,2,9,Fall," 3,828.12 ",4
474,57,Germany,Cape Town,Standard,Online,2,10,Summer," 1,449.36 ",4
475,69,France,Paris,Budget,Agent,3,7,Spring," 4,287.30 ",5
476,33,USA,Sydney,Budget,Online,4,12,Spring, 636.59 ,3
477,30,France,Tokyo,Standard,Online,2,7,Winter," 4,297.16 ",1
478,67,Canada,Sydney,Standard,Direct,2,4,Winter," 2,571.48 ",2
479,59,France,Cape Town,Luxury,Online,3,10,Spring," 1,479.15 ",5
480,47,USA,Sydney,Luxury,Direct,4,4,Winter," 1,102.00 ",3
481,36,Canada,New York,Standard,Online,2,12,Fall," 4,789.88 ",4
482,34,France,Cape Town,Budget,Online,2,14,Spring, 827.00 ,3
483,36,Germany,Rome,Budget,Direct,4,8,Winter," 1,395.92 ",2
484,45,Australia,Tokyo,Budget,Agent,2,10,Fall," 2,065.20 ",2
485,43,Canada,New York,Budget,Direct,4,8,Winter," 3,291.06 ",1
486,54,Australia,Rome,Budget,Direct,4,6,Winter," 2,951.60 ",1
487,43,Canada,Sydney,Luxury,Direct,3,6,Winter," 1,065.40 ",2
488,40,Germany,Cape Town,Standard,Agent,1,8,Spring," 1,803.78 ",5
489,26,Australia,Tokyo,Luxury,Online,4,6,Summer," 1,574.38 ",5
490,29,UK,New York,Budget,Direct,3,10,Winter," 1,460.94 ",4
491,18,USA,Rome,Budget,Direct,1,11,Fall," 2,350.15 ",1
492,18,UK,Rome,Budget,Agent,2,3,Spring," 3,668.14 ",4
493,64,France,Tokyo,Budget,Direct,1,6,Spring," 1,478.54 ",1
494,51,Germany,Sydney,Standard,Online,4,6,Fall," 2,150.05 ",2
495,49,UK,Tokyo,Budget,Agent,4,4,Winter," 2,259.13 ",5
496,65,Canada,Rome,Standard,Online,4,8,Summer," 4,894.05 ",5
497,42,France,Paris,Budget,Online,4,5,Winter," 4,796.00 ",2
498,57,France,New York,Standard,Agent,4,9,Fall," 4,100.62 ",4
499,62,UK,Tokyo,Luxury,Direct,3,13,Spring," 1,587.47 ",4
500,18,UK,Rome,Budget,Online,4,13,Summer, 806.17 ,3
501,33,Germany,Sydney,Standard,Online,3,7,Spring," 1,926.07 ",1
502,56,USA,Rome,Luxury,Online,2,6,Fall," 1,700.58 ",4
503,22,UK,Sydney,Budget,Online,4,7,Winter," 2,776.67 ",2
504,39,UK,Tokyo,Budget,Agent,4,10,Summer," 3,999.78 ",4
505,46,Australia,Sydney,Budget,Agent,1,5,Spring," 4,362.45 ",5
506,20,Canada,Cape Town,Standard,Online,2,9,Spring," 4,301.89 ",1
507,29,Australia,Cape Town,Standard,Direct,4,8,Spring," 2,118.54 ",3
508,43,Australia,Cape Town,Luxury,Online,4,14,Winter," 3,592.55 ",1
509,33,France,Paris,Standard,Direct,2,3,Summer," 1,907.75 ",5
510,68,USA,Tokyo,Standard,Online,3,9,Winter, 774.07 ,5
511,54,Canada,Rome,Budget,Direct,4,9,Winter," 3,657.04 ",5
512,39,Germany,Rome,Budget,Online,1,14,Winter, 544.22 ,5
513,46,Germany,Paris,Budget,Direct,4,3,Fall," 2,341.32 ",2
514,31,UK,Sydney,Budget,Online,1,11,Fall," 1,982.21 ",3
515,45,UK,Paris,Budget,Online,1,8,Fall," 3,620.20 ",5
516,22,Germany,Sydney,Budget,Direct,4,14,Summer," 3,948.10 ",5
517,64,UK,Sydney,Budget,Agent,4,4,Winter," 1,868.43 ",4
518,66,USA,New York,Luxury,Direct,1,7,Winter," 4,152.32 ",3
519,47,Australia,Rome,Luxury,Agent,2,13,Fall," 1,822.63 ",1
520,63,UK,Cape Town,Luxury,Online,2,6,Winter," 2,508.47 ",3
521,69,France,Sydney,Luxury,Direct,4,9,Winter," 3,771.58 ",3
522,22,UK,New York,Budget,Direct,3,10,Spring," 3,618.14 ",3
523,29,Canada,Rome,Luxury,Direct,2,13,Winter," 4,943.16 ",5
524,33,USA,Cape Town,Budget,Agent,4,13,Spring," 1,513.22 ",5
525,43,Canada,Sydney,Luxury,Agent,2,3,Winter," 3,480.43 ",2
526,43,Canada,Sydney,Standard,Online,3,7,Summer," 3,243.57 ",1
527,65,France,Paris,Luxury,Agent,4,5,Fall," 4,617.94 ",4
528,38,USA,Paris,Luxury,Agent,3,3,Spring," 1,203.63 ",3
529,56,USA,Rome,Budget,Online,4,14,Fall," 3,883.09 ",1
530,53,USA,Cape Town,Luxury,Direct,3,5,Spring," 3,057.21 ",1
531,50,USA,Sydney,Standard,Direct,2,8,Spring," 1,736.00 ",2
532,47,USA,Rome,Budget,Online,2,9,Spring," 2,634.96 ",4
533,54,France,Rome,Budget,Direct,3,10,Summer," 2,001.99 ",3
534,40,UK,Tokyo,Luxury,Agent,3,13,Winter," 3,106.91 ",4
535,27,Canada,Paris,Budget,Online,3,6,Spring," 4,500.50 ",2
536,22,USA,Cape Town,Budget,Online,4,5,Summer," 3,061.87 ",5
537,53,UK,Sydney,Budget,Online,2,7,Spring," 3,342.75 ",1
538,51,UK,Rome,Budget,Direct,4,11,Winter," 2,834.37 ",3
539,69,Canada,Sydney,Budget,Online,2,8,Spring, 730.24 ,5
540,48,France,Tokyo,Budget,Online,1,11,Summer," 1,547.86 ",2
541,27,Germany,Cape Town,Standard,Online,4,8,Winter," 2,714.01 ",4
542,36,Germany,Rome,Luxury,Direct,2,4,Summer," 1,896.06 ",1
543,49,UK,Sydney,Standard,Agent,2,7,Winter," 1,317.94 ",3
544,18,Australia,Paris,Budget,Online,4,14,Winter," 2,768.60 ",5
545,22,Australia,Tokyo,Budget,Agent,4,13,Fall," 1,952.64 ",5
546,62,Canada,Cape Town,Luxury,Direct,2,11,Fall," 1,661.48 ",1
547,21,Germany,Tokyo,Standard,Direct,4,10,Fall," 2,587.93 ",4
548,33,UK,Paris,Luxury,Direct,3,9,Winter," 1,099.78 ",2
549,41,France,Cape Town,Standard,Direct,4,3,Spring," 4,674.86 ",4
550,33,Germany,Tokyo,Budget,Agent,4,6,Summer," 4,404.66 ",4
551,19,UK,New York,Luxury,Online,4,14,Summer," 3,684.29 ",4
552,66,UK,Paris,Luxury,Direct,2,9,Summer, 977.96 ,1
553,45,USA,Paris,Budget,Direct,3,13,Fall," 3,991.45 ",1
554,49,France,Paris,Luxury,Agent,1,9,Winter," 4,135.81 ",2
555,44,USA,New York,Standard,Agent,1,8,Fall," 3,954.94 ",4
556,37,Canada,New York,Standard,Direct,3,10,Spring," 1,012.85 ",1
557,41,USA,Sydney,Standard,Online,3,13,Winter," 3,397.59 ",2
558,29,USA,Rome,Standard,Online,3,8,Summer," 4,254.46 ",2
559,67,Germany,Tokyo,Budget,Direct,2,12,Fall," 3,098.09 ",4
560,52,Australia,Sydney,Luxury,Agent,1,5,Fall," 3,408.83 ",3
561,50,UK,Tokyo,Standard,Direct,3,6,Spring," 2,562.64 ",4
562,50,France,Rome,Budget,Direct,2,5,Spring," 2,879.18 ",3
563,68,USA,New York,Luxury,Agent,1,3,Fall, 654.70 ,2
564,60,France,Rome,Luxury,Direct,4,12,Spring," 3,375.33 ",1
565,54,Australia,New York,Budget,Direct,2,7,Summer, 866.51 ,5
566,29,Australia,Rome,Budget,Direct,1,3,Spring," 2,457.57 ",2
567,20,USA,Sydney,Standard,Agent,2,3,Spring," 1,816.95 ",1
568,18,Canada,Cape Town,Luxury,Online,1,4,Fall," 2,954.43 ",2
569,50,USA,Sydney,Luxury,Online,1,6,Fall," 1,100.37 ",4
570,57,Germany,Tokyo,Budget,Agent,4,8,Winter," 3,612.40 ",3
571,27,UK,Sydney,Luxury,Online,2,10,Winter," 4,077.55 ",2
572,60,Canada,Paris,Standard,Direct,3,5,Fall," 1,235.10 ",1
573,61,USA,Tokyo,Luxury,Online,4,3,Spring, 969.41 ,4
574,46,France,Rome,Budget,Direct,4,5,Spring," 1,154.82 ",5
575,30,Canada,Tokyo,Budget,Online,1,14,Winter," 4,447.07 ",4
576,29,Canada,Cape Town,Standard,Agent,3,5,Winter," 2,876.85 ",3
577,48,USA,New York,Standard,Online,2,7,Winter," 2,602.67 ",4
578,63,Canada,Rome,Luxury,Online,3,13,Summer, 980.20 ,5
579,19,France,Tokyo,Luxury,Online,3,14,Summer," 3,423.00 ",1
580,68,Australia,Rome,Budget,Agent,3,14,Winter," 4,406.00 ",2
581,67,Canada,Rome,Standard,Online,3,6,Spring," 4,226.84 ",3
582,52,Australia,Rome,Standard,Agent,3,6,Winter," 3,317.25 ",5
583,40,France,New York,Standard,Direct,1,11,Summer, 838.75 ,3
584,34,USA,Sydney,Luxury,Online,1,9,Spring," 1,005.79 ",4
585,43,UK,Rome,Standard,Agent,4,6,Summer, 721.89 ,3
586,25,Canada,Paris,Budget,Agent,1,5,Spring," 1,658.66 ",5
587,46,UK,Cape Town,Budget,Online,4,8,Summer," 1,110.48 ",2
588,43,France,New York,Luxury,Direct,4,5,Spring," 1,670.22 ",2
589,27,Canada,Tokyo,Luxury,Agent,2,8,Spring," 2,232.76 ",3
590,43,Australia,New York,Standard,Online,3,13,Spring," 4,743.42 ",1
591,51,Germany,Tokyo,Luxury,Direct,1,13,Spring," 3,246.69 ",3
592,68,UK,New York,Budget,Agent,2,14,Fall," 4,257.38 ",4
593,58,Canada,Tokyo,Standard,Agent,1,11,Summer," 3,696.58 ",2
594,24,UK,Rome,Budget,Direct,4,8,Summer," 1,006.26 ",2
595,21,Canada,Sydney,Standard,Direct,1,14,Fall," 3,811.64 ",2
596,67,USA,Tokyo,Luxury,Online,3,6,Spring," 1,737.94 ",1
597,62,Australia,Tokyo,Standard,Online,4,7,Spring," 3,375.99 ",1
598,28,UK,Paris,Standard,Agent,4,8,Summer," 2,034.33 ",5
599,46,Germany,Tokyo,Budget,Direct,2,13,Fall," 4,989.53 ",3
600,53,Germany,Paris,Budget,Direct,3,5,Spring," 1,685.98 ",3
601,42,France,Cape Town,Standard,Direct,4,10,Spring," 1,756.09 ",4
602,38,Canada,Rome,Luxury,Agent,3,6,Spring," 4,688.03 ",2
603,53,UK,Paris,Luxury,Direct,1,10,Winter, 610.90 ,1
604,27,France,Sydney,Budget,Direct,3,12,Fall," 3,635.10 ",4
605,54,UK,Rome,Luxury,Agent,4,12,Spring," 3,763.97 ",4
606,26,Canada,Paris,Budget,Online,2,5,Winter," 4,263.70 ",1
607,41,Germany,Rome,Luxury,Online,4,12,Fall," 4,884.98 ",3
608,52,USA,Rome,Standard,Agent,3,9,Spring," 4,890.21 ",2
609,66,Germany,Rome,Budget,Direct,3,13,Summer, 793.75 ,3
610,52,France,Cape Town,Budget,Agent,4,14,Winter," 4,198.28 ",4
611,65,Australia,Sydney,Standard,Online,3,11,Winter," 3,408.39 ",2
612,53,USA,New York,Budget,Online,1,6,Spring," 3,413.04 ",5
613,35,France,New York,Luxury,Agent,4,10,Spring," 1,077.57 ",4
614,66,Canada,Paris,Luxury,Agent,2,5,Winter," 3,425.84 ",3
615,56,USA,Rome,Budget,Online,4,9,Summer," 4,921.17 ",3
616,49,France,Paris,Luxury,Agent,1,5,Summer," 4,603.18 ",3
617,41,Canada,Cape Town,Budget,Online,1,14,Fall," 2,476.09 ",1
618,40,Germany,Cape Town,Standard,Agent,1,9,Spring, 679.77 ,4
619,49,Australia,Tokyo,Budget,Agent,1,13,Summer," 2,130.32 ",2
620,54,Canada,Cape Town,Standard,Agent,1,12,Fall," 4,218.76 ",3
621,29,UK,Tokyo,Luxury,Online,2,12,Summer," 3,656.75 ",3
622,66,Canada,Sydney,Standard,Agent,3,13,Spring," 2,567.05 ",1
623,30,Canada,Paris,Luxury,Online,1,13,Fall, 747.96 ,2
624,40,Australia,Sydney,Budget,Online,1,8,Fall," 2,421.03 ",4
625,42,UK,Cape Town,Luxury,Agent,4,4,Fall," 2,610.61 ",5
626,52,France,Sydney,Budget,Agent,2,13,Summer," 4,678.50 ",1
627,58,France,Sydney,Budget,Online,2,5,Spring," 3,384.89 ",4
628,47,Canada,Sydney,Standard,Online,3,8,Fall," 1,902.44 ",5
629,34,UK,Cape Town,Standard,Direct,2,6,Winter," 2,863.93 ",3
630,66,UK,Rome,Standard,Online,4,8,Spring, 797.25 ,3
631,37,Australia,Sydney,Standard,Direct,4,3,Winter," 4,876.56 ",2
632,65,Germany,Tokyo,Luxury,Direct,3,12,Winter," 2,120.27 ",5
633,42,France,Cape Town,Luxury,Direct,4,14,Fall," 2,650.40 ",3
634,39,Australia,Sydney,Luxury,Agent,1,3,Fall," 2,098.78 ",3
635,30,USA,Rome,Budget,Agent,1,5,Summer," 3,571.30 ",2
636,36,France,Cape Town,Luxury,Online,4,10,Summer," 3,480.04 ",4
637,66,Australia,New York,Luxury,Direct,3,10,Summer," 3,718.95 ",3
638,53,France,Rome,Luxury,Agent,2,13,Spring," 1,706.64 ",1
639,29,Germany,Tokyo,Standard,Agent,3,6,Summer," 1,920.51 ",1
640,58,USA,Sydney,Luxury,Agent,2,8,Winter," 1,063.63 ",4
641,36,Germany,New York,Budget,Agent,4,10,Summer," 3,449.79 ",5
642,29,USA,New York,Standard,Agent,4,9,Fall, 679.09 ,2
643,26,Canada,Cape Town,Budget,Direct,1,13,Summer," 3,189.57 ",1
644,24,Australia,New York,Luxury,Direct,2,9,Spring," 4,413.63 ",1
645,45,USA,Tokyo,Standard,Direct,3,6,Spring," 4,508.74 ",4
646,31,Germany,Tokyo,Budget,Direct,4,11,Winter," 2,520.67 ",5
647,48,France,Paris,Luxury,Online,3,14,Spring," 2,566.87 ",5
648,69,USA,Tokyo,Budget,Direct,1,12,Summer, 846.36 ,4
649,36,Australia,Rome,Budget,Agent,2,8,Fall," 3,518.44 ",1
650,64,USA,New York,Budget,Direct,2,14,Spring," 4,195.67 ",2
651,33,UK,Tokyo,Luxury,Online,4,13,Winter," 1,600.95 ",1
652,22,France,Cape Town,Luxury,Agent,2,5,Summer," 2,395.85 ",5
653,52,Australia,Paris,Budget,Direct,4,7,Winter," 4,274.78 ",1
654,29,Australia,New York,Standard,Direct,1,7,Spring," 4,447.04 ",2
655,42,Canada,Paris,Standard,Direct,2,7,Spring," 1,594.31 ",3
656,69,Germany,New York,Luxury,Agent,4,10,Winter," 2,977.57 ",1
657,38,Canada,Cape Town,Luxury,Agent,3,11,Summer," 1,366.22 ",4
658,53,Australia,Paris,Luxury,Online,4,11,Spring, 958.45 ,3
659,40,France,Sydney,Luxury,Agent,2,8,Fall," 4,600.04 ",4
660,33,USA,Rome,Luxury,Agent,1,8,Spring," 4,192.28 ",4
661,56,USA,Rome,Standard,Direct,2,11,Summer," 3,920.16 ",4
662,62,France,New York,Luxury,Agent,2,6,Spring, 719.45 ,1
663,59,Australia,Sydney,Budget,Direct,4,8,Winter," 4,296.78 ",5
664,56,USA,Paris,Budget,Direct,3,6,Spring," 2,471.20 ",3
665,31,USA,Sydney,Standard,Agent,2,13,Spring," 2,040.78 ",2
666,48,USA,Sydney,Budget,Online,3,3,Summer," 2,959.14 ",5
667,22,Germany,Paris,Standard,Online,4,9,Winter, 911.09 ,1
668,52,Germany,Cape Town,Standard,Agent,3,12,Summer," 3,904.91 ",4
669,40,UK,Sydney,Budget,Online,4,13,Spring," 3,120.96 ",2
670,46,Canada,Sydney,Luxury,Direct,1,14,Fall," 1,339.66 ",3
671,60,France,Cape Town,Budget,Direct,3,8,Spring," 1,347.04 ",5
672,28,France,Sydney,Budget,Agent,3,11,Summer," 1,329.12 ",5
673,35,France,Sydney,Standard,Online,1,9,Fall, 756.51 ,2
674,64,UK,Sydney,Budget,Online,3,9,Summer," 3,145.09 ",1
675,29,Germany,Rome,Standard,Direct,1,4,Summer," 4,281.57 ",3
676,26,Australia,Tokyo,Luxury,Agent,2,14,Winter, 578.74 ,2
677,27,Australia,Cape Town,Luxury,Online,4,13,Fall, 720.52 ,4
678,61,UK,Sydney,Luxury,Agent,1,11,Spring," 3,077.47 ",3
679,34,Australia,Rome,Budget,Online,3,12,Summer," 4,187.73 ",5
680,55,France,Cape Town,Standard,Direct,1,11,Spring," 1,970.33 ",2
681,24,Canada,New York,Luxury,Direct,3,8,Winter," 2,073.26 ",5
682,63,USA,New York,Standard,Agent,2,5,Winter," 3,183.56 ",5
683,30,Germany,Sydney,Standard,Direct,1,3,Fall," 1,733.96 ",5
684,57,Germany,Rome,Luxury,Online,2,6,Winter, 619.74 ,1
685,59,UK,Rome,Luxury,Direct,4,5,Winter," 3,808.53 ",5
686,26,Germany,Cape Town,Standard,Agent,3,14,Spring," 3,315.42 ",4
687,67,France,Cape Town,Luxury,Agent,3,3,Winter," 3,113.40 ",4
688,44,Australia,Rome,Standard,Agent,2,5,Winter," 3,837.58 ",3
689,19,France,Cape Town,Standard,Online,4,6,Summer," 3,538.54 ",5
690,22,UK,Rome,Luxury,Online,1,10,Winter," 1,426.47 ",5
691,46,France,Tokyo,Budget,Online,1,11,Summer," 2,086.16 ",2
692,54,Australia,Rome,Luxury,Online,3,5,Winter," 1,067.50 ",1
693,55,Canada,New York,Budget,Online,2,8,Winter," 1,084.36 ",3
694,36,UK,Cape Town,Standard,Direct,2,12,Fall," 3,542.88 ",5
695,25,Canada,Rome,Standard,Online,1,13,Fall," 4,363.70 ",2
696,65,USA,Rome,Budget,Online,4,7,Summer," 4,832.30 ",1
697,62,Canada,Cape Town,Standard,Direct,4,8,Winter," 3,327.56 ",3
698,18,USA,Tokyo,Budget,Online,1,6,Spring," 1,328.46 ",3
699,39,USA,Tokyo,Budget,Agent,1,12,Fall, 975.43 ,5
700,69,Canada,Cape Town,Standard,Online,2,8,Spring," 4,157.83 ",3
701,34,UK,Paris,Budget,Online,4,9,Fall," 3,104.40 ",2
702,24,Australia,Cape Town,Luxury,Agent,1,11,Fall," 3,282.28 ",3
703,42,France,Cape Town,Luxury,Agent,1,12,Winter," 4,016.58 ",4
704,62,France,Tokyo,Standard,Agent,3,9,Fall," 3,664.75 ",2
705,21,Australia,Tokyo,Standard,Agent,1,8,Spring," 4,255.06 ",1
706,53,USA,Cape Town,Budget,Online,1,3,Fall, 752.96 ,1
707,23,USA,Cape Town,Budget,Agent,4,4,Summer," 3,863.84 ",5
708,48,UK,Cape Town,Budget,Agent,2,3,Winter," 4,328.84 ",5
709,36,Germany,Tokyo,Budget,Direct,4,11,Winter," 1,787.61 ",4
710,61,Canada,Cape Town,Luxury,Agent,2,12,Summer," 3,382.01 ",1
711,56,USA,Cape Town,Luxury,Agent,3,12,Summer," 1,913.73 ",1
712,44,France,Sydney,Standard,Direct,1,11,Summer," 4,810.87 ",1
713,27,UK,Paris,Budget,Direct,3,9,Fall, 650.41 ,1
714,43,Canada,New York,Budget,Online,2,4,Winter," 3,109.07 ",3
715,36,UK,Paris,Standard,Direct,4,8,Summer," 1,249.27 ",2
716,56,Canada,Sydney,Budget,Online,4,13,Fall," 3,704.99 ",2
717,20,Canada,New York,Budget,Direct,3,6,Summer," 1,291.51 ",4
718,62,Australia,Cape Town,Budget,Direct,2,3,Spring," 1,559.22 ",3
719,30,USA,Sydney,Budget,Online,3,3,Spring," 2,724.67 ",1
720,67,UK,Cape Town,Budget,Direct,3,14,Winter," 4,616.76 ",1
721,45,UK,Tokyo,Standard,Online,1,7,Fall," 1,452.71 ",5
722,37,Australia,Rome,Budget,Direct,3,14,Spring," 1,149.08 ",5
723,45,France,Sydney,Standard,Agent,1,4,Spring," 3,915.40 ",4
724,25,France,Tokyo,Budget,Direct,1,6,Fall," 2,752.79 ",1
725,58,USA,Sydney,Luxury,Online,4,3,Summer," 4,603.03 ",4
726,56,USA,Sydney,Luxury,Direct,1,6,Fall," 1,159.77 ",3
727,18,Germany,Tokyo,Luxury,Online,1,13,Summer," 3,406.68 ",2
728,20,Australia,New York,Luxury,Online,4,8,Spring," 1,547.96 ",1
729,30,France,Paris,Standard,Agent,3,12,Spring," 1,205.42 ",3
730,45,Canada,Cape Town,Standard,Agent,2,6,Spring," 3,575.43 ",1
731,66,UK,Sydney,Budget,Online,2,3,Winter," 3,171.58 ",5
732,42,USA,Cape Town,Luxury,Direct,2,9,Winter," 3,896.72 ",4
733,50,UK,Rome,Standard,Online,3,4,Winter," 1,892.58 ",5
734,55,UK,Tokyo,Budget,Online,1,11,Fall," 2,515.87 ",2
735,23,Germany,Cape Town,Budget,Direct,2,5,Spring," 2,324.62 ",5
736,61,France,Tokyo,Standard,Direct,3,10,Spring," 4,928.40 ",1
737,62,USA,Cape Town,Luxury,Direct,1,10,Fall," 1,815.12 ",5
738,49,UK,Paris,Budget,Direct,4,5,Winter," 1,826.68 ",1
739,62,USA,Paris,Luxury,Online,2,6,Fall," 2,095.47 ",2
740,64,Canada,Paris,Luxury,Online,1,4,Winter," 3,040.67 ",5
741,38,Germany,Paris,Luxury,Agent,2,6,Spring," 1,635.45 ",4
742,33,Canada,Paris,Budget,Online,2,13,Summer," 4,618.80 ",4
743,38,USA,Paris,Luxury,Direct,2,13,Winter," 1,695.59 ",4
744,28,USA,Tokyo,Budget,Agent,1,13,Spring," 4,531.17 ",5
745,54,France,Sydney,Luxury,Direct,3,11,Spring, 965.64 ,5
746,53,UK,Cape Town,Budget,Online,1,4,Summer," 3,454.53 ",5
747,52,UK,Paris,Luxury,Agent,2,14,Spring," 4,581.43 ",1
748,36,Canada,Tokyo,Standard,Direct,1,14,Spring," 1,259.37 ",2
749,37,Germany,Tokyo,Luxury,Agent,4,5,Winter," 4,857.47 ",4
750,35,Australia,Tokyo,Luxury,Agent,3,13,Winter," 2,537.98 ",1
751,64,UK,Sydney,Budget,Online,1,13,Summer," 4,755.72 ",4
752,58,France,Cape Town,Budget,Direct,4,6,Summer," 3,545.69 ",1
753,66,Canada,Sydney,Luxury,Agent,3,7,Spring," 1,857.14 ",5
754,31,Canada,New York,Standard,Agent,4,3,Winter," 1,347.36 ",4
755,32,Australia,Tokyo,Standard,Direct,3,9,Summer," 1,866.81 ",5
756,48,France,New York,Budget,Agent,1,12,Summer, 918.58 ,4
757,18,Germany,Rome,Standard,Agent,4,9,Fall," 1,147.41 ",3
758,20,France,Paris,Luxury,Agent,2,11,Summer, 970.97 ,1
759,33,Germany,Paris,Budget,Direct,4,6,Spring," 2,403.25 ",3
760,40,France,Sydney,Luxury,Direct,3,8,Winter," 4,080.10 ",1
761,28,France,Cape Town,Budget,Direct,1,13,Summer," 1,136.23 ",2
762,29,USA,New York,Budget,Direct,3,4,Fall," 1,086.44 ",4
763,27,Canada,Cape Town,Budget,Online,4,14,Winter," 3,395.43 ",2
764,49,France,Sydney,Budget,Agent,4,14,Summer," 1,387.32 ",2
765,33,Australia,Paris,Standard,Direct,2,6,Fall, 939.25 ,1
766,25,France,Cape Town,Luxury,Agent,1,4,Summer," 1,250.82 ",3
767,55,UK,Cape Town,Luxury,Agent,1,12,Winter," 4,656.79 ",5
768,29,Canada,Paris,Luxury,Online,4,7,Winter," 4,196.62 ",1
769,41,UK,New York,Budget,Direct,1,9,Winter," 2,093.29 ",5
770,45,Canada,Paris,Standard,Direct,2,3,Spring," 3,451.19 ",2
771,25,UK,Cape Town,Luxury,Agent,3,12,Summer," 2,917.74 ",5
772,45,France,New York,Standard,Direct,1,12,Spring," 3,547.06 ",3
773,53,France,New York,Budget,Agent,4,9,Winter," 3,572.02 ",1
774,43,USA,Paris,Luxury,Agent,3,12,Fall," 3,329.30 ",3
775,25,Australia,Cape Town,Standard,Online,3,8,Summer," 1,697.46 ",3
776,67,UK,Sydney,Budget,Online,2,8,Spring, 675.53 ,1
777,45,Germany,Cape Town,Standard,Online,4,14,Summer," 2,550.05 ",3
778,45,USA,Tokyo,Luxury,Agent,1,10,Fall," 4,509.38 ",4
779,54,UK,Rome,Luxury,Direct,4,10,Spring," 3,062.74 ",4
780,58,UK,Sydney,Budget,Online,3,8,Winter," 4,245.76 ",4
781,53,USA,New York,Budget,Direct,4,5,Spring," 4,962.31 ",5
782,44,France,Sydney,Budget,Online,1,7,Summer," 1,236.27 ",3
783,34,UK,New York,Standard,Online,1,4,Summer," 3,613.00 ",1
784,26,France,New York,Standard,Agent,2,7,Summer," 3,534.32 ",1
785,50,USA,Sydney,Standard,Online,1,11,Summer," 4,909.80 ",5
786,37,France,New York,Budget,Online,1,12,Winter," 4,935.20 ",1
787,30,Canada,New York,Luxury,Agent,4,3,Spring," 3,590.05 ",4
788,45,Germany,Tokyo,Luxury,Direct,4,12,Winter," 1,596.27 ",3
789,65,UK,Cape Town,Standard,Online,3,7,Winter," 4,093.50 ",1
790,46,Australia,Cape Town,Standard,Agent,2,14,Winter, 981.63 ,1
791,30,Germany,Rome,Luxury,Online,4,8,Summer," 4,013.15 ",2
792,63,France,Rome,Luxury,Agent,1,13,Summer," 4,595.88 ",2
793,52,UK,Tokyo,Standard,Direct,3,9,Summer," 2,222.75 ",2
794,23,France,Rome,Standard,Direct,4,11,Spring," 3,337.86 ",3
795,35,Canada,Sydney,Luxury,Agent,2,8,Fall," 2,435.64 ",4
796,68,USA,Paris,Budget,Agent,2,7,Summer," 2,469.94 ",4
797,22,UK,Paris,Standard,Agent,3,14,Spring," 1,896.67 ",4
798,64,Canada,Paris,Luxury,Direct,3,9,Summer," 3,929.58 ",3
799,42,Canada,Tokyo,Luxury,Online,3,3,Summer," 4,712.79 ",3
800,19,UK,Tokyo,Luxury,Direct,3,13,Winter," 4,733.38 ",2
801,27,France,New York,Luxury,Agent,3,7,Winter," 1,286.52 ",1
802,47,Australia,Paris,Budget,Agent,1,4,Winter," 4,436.35 ",5
803,67,Canada,Sydney,Luxury,Direct,1,6,Spring," 3,818.44 ",5
804,62,Germany,Rome,Standard,Agent,4,9,Fall," 1,637.77 ",1
805,22,Canada,Sydney,Budget,Direct,2,7,Fall, 802.78 ,2
806,50,Australia,Rome,Luxury,Agent,1,14,Spring," 1,705.99 ",1
807,18,France,Paris,Budget,Online,1,8,Summer," 4,604.94 ",1
808,35,France,Paris,Standard,Online,1,4,Spring," 3,349.30 ",5
809,49,Germany,Paris,Luxury,Agent,4,5,Summer," 3,744.75 ",2
810,64,Canada,Tokyo,Standard,Direct,3,9,Spring," 1,657.19 ",3
811,66,France,Rome,Luxury,Online,4,13,Spring," 3,737.25 ",5
812,28,Australia,Tokyo,Luxury,Direct,2,4,Spring, 626.55 ,3
813,38,UK,Tokyo,Luxury,Agent,2,14,Fall," 2,188.95 ",2
814,43,USA,Cape Town,Luxury,Direct,2,8,Winter," 3,320.39 ",1
815,42,USA,Sydney,Luxury,Online,2,7,Spring," 1,157.43 ",4
816,39,USA,Sydney,Budget,Direct,1,12,Fall," 4,203.52 ",4
817,44,Canada,New York,Luxury,Direct,1,3,Winter," 1,557.64 ",2
818,66,Germany,Tokyo,Luxury,Agent,4,14,Winter," 3,435.27 ",4
819,30,France,Rome,Budget,Agent,3,13,Spring," 2,323.39 ",3
820,50,UK,Cape Town,Budget,Agent,2,12,Summer," 3,182.20 ",4
821,51,Australia,Cape Town,Budget,Online,4,13,Summer, 983.53 ,2
822,58,UK,Sydney,Budget,Online,1,6,Summer, 576.11 ,2
823,52,Australia,Tokyo,Budget,Agent,1,13,Spring," 4,593.04 ",3
824,18,Canada,New York,Budget,Agent,3,4,Summer," 1,713.34 ",4
825,38,USA,Tokyo,Luxury,Online,3,6,Fall," 4,188.55 ",4
826,65,Canada,Paris,Luxury,Online,3,3,Fall," 4,997.08 ",1
827,23,Germany,Tokyo,Standard,Online,4,4,Fall," 1,451.44 ",5
828,45,Germany,Paris,Luxury,Online,1,10,Fall," 1,693.27 ",2
829,34,Australia,Paris,Luxury,Agent,1,8,Winter," 3,482.87 ",1
830,22,France,New York,Budget,Online,3,4,Fall," 4,844.52 ",2
831,48,France,Rome,Budget,Agent,2,14,Summer," 4,621.16 ",1
832,22,Australia,Sydney,Luxury,Direct,3,8,Spring," 2,762.94 ",5
833,55,Germany,Tokyo,Standard,Direct,4,12,Summer," 4,078.00 ",1
834,20,Germany,Paris,Budget,Online,3,11,Fall," 1,110.86 ",2
835,40,Germany,Tokyo,Luxury,Direct,3,9,Winter," 4,898.47 ",4
836,54,Canada,Rome,Luxury,Direct,4,11,Fall," 4,839.59 ",2
837,54,Germany,Sydney,Standard,Direct,3,7,Spring," 1,236.78 ",3
838,27,UK,Rome,Standard,Online,1,9,Summer," 1,847.40 ",3
839,27,USA,Sydney,Budget,Online,2,13,Spring, 950.70 ,3
840,36,Germany,Cape Town,Standard,Direct,3,9,Spring," 1,722.73 ",3
841,34,Australia,Sydney,Luxury,Agent,4,14,Spring," 4,171.80 ",5
842,38,USA,New York,Luxury,Direct,2,14,Summer," 2,202.42 ",4
843,31,Canada,Rome,Standard,Online,4,5,Fall, 897.79 ,4
844,26,Australia,Paris,Standard,Online,2,9,Spring," 2,040.01 ",2
845,63,USA,Cape Town,Standard,Online,2,3,Summer," 4,916.23 ",1
846,18,Australia,New York,Standard,Direct,3,11,Winter," 3,333.58 ",2
847,68,Canada,Tokyo,Budget,Agent,1,12,Summer," 2,372.72 ",2
848,62,UK,Rome,Standard,Online,3,8,Winter," 1,249.42 ",2
849,30,Canada,Paris,Budget,Online,4,7,Summer," 4,937.80 ",2
850,21,Canada,Sydney,Luxury,Direct,4,9,Fall," 4,193.82 ",4
851,18,Australia,Paris,Standard,Agent,2,7,Spring," 1,766.65 ",1
852,66,France,Tokyo,Budget,Direct,2,12,Fall, 815.31 ,2
853,57,Germany,Cape Town,Standard,Online,1,7,Summer, 754.82 ,4
854,49,Germany,Cape Town,Luxury,Agent,3,13,Spring," 1,041.70 ",2
855,51,UK,Rome,Luxury,Agent,4,12,Winter," 3,113.46 ",3
856,45,UK,Cape Town,Luxury,Online,2,13,Summer," 4,679.44 ",2
857,48,Germany,Rome,Standard,Agent,1,9,Spring," 2,735.35 ",2
858,25,France,Rome,Standard,Agent,4,12,Winter," 4,293.25 ",5
859,56,Germany,Rome,Budget,Direct,2,9,Winter," 2,506.49 ",3
860,43,France,Sydney,Luxury,Online,4,13,Fall," 3,688.63 ",1
861,51,UK,New York,Standard,Online,1,5,Summer," 3,793.43 ",2
862,20,USA,Rome,Luxury,Online,1,5,Winter," 1,282.84 ",1
863,67,Australia,Rome,Luxury,Online,4,12,Spring," 2,125.47 ",3
864,29,UK,New York,Budget,Online,3,14,Winter," 3,367.86 ",2
865,18,UK,Paris,Budget,Agent,4,5,Winter, 818.13 ,5
866,61,Canada,Rome,Budget,Direct,2,8,Fall," 2,126.93 ",4
867,22,Canada,Sydney,Budget,Online,3,14,Fall," 2,906.60 ",5
868,47,Canada,Cape Town,Luxury,Direct,2,8,Spring," 4,983.01 ",5
869,47,Australia,Cape Town,Budget,Direct,4,5,Fall," 2,635.40 ",4
870,34,Canada,Tokyo,Budget,Agent,3,5,Winter," 4,172.26 ",4
871,65,France,Tokyo,Budget,Online,2,10,Winter," 2,444.30 ",4
872,64,Germany,Cape Town,Budget,Agent,4,10,Fall," 4,083.76 ",2
873,40,USA,Cape Town,Luxury,Online,4,9,Winter," 3,179.37 ",1
874,32,UK,Sydney,Budget,Agent,3,12,Winter," 4,489.68 ",1
875,54,France,New York,Luxury,Direct,4,6,Spring," 2,349.24 ",4
876,38,USA,Tokyo,Standard,Online,1,6,Fall," 3,219.37 ",5
877,31,France,New York,Luxury,Direct,2,5,Winter," 3,335.08 ",3
878,19,France,Sydney,Luxury,Direct,2,7,Fall," 2,378.22 ",4
879,28,UK,Cape Town,Budget,Agent,4,5,Spring," 1,149.40 ",5
880,68,Germany,Rome,Standard,Online,4,10,Fall, 921.02 ,5
881,56,Canada,New York,Standard,Direct,1,9,Winter, 575.02 ,2
882,55,Australia,Cape Town,Standard,Agent,3,5,Fall," 4,430.90 ",2
883,51,Germany,Cape Town,Standard,Online,4,11,Winter," 1,564.14 ",1
884,55,Australia,Paris,Luxury,Online,4,14,Winter," 1,451.78 ",1
885,67,UK,New York,Standard,Direct,4,7,Winter," 3,812.16 ",3
886,51,UK,Rome,Luxury,Online,4,11,Spring," 1,940.07 ",3
887,35,UK,New York,Luxury,Direct,2,9,Fall," 2,777.20 ",3
888,47,USA,Cape Town,Luxury,Online,4,9,Spring," 1,231.30 ",3
889,32,Australia,Rome,Standard,Agent,2,8,Fall," 4,818.86 ",5
890,44,Germany,Sydney,Budget,Direct,4,4,Spring," 4,332.12 ",5
891,68,Germany,Paris,Budget,Direct,3,11,Summer," 4,387.05 ",1
892,51,France,Cape Town,Standard,Online,1,8,Winter," 2,330.48 ",2
893,69,France,Tokyo,Budget,Online,3,10,Winter," 3,930.63 ",2
894,55,France,Tokyo,Budget,Direct,4,3,Spring," 1,147.44 ",4
895,50,UK,Paris,Luxury,Online,4,7,Summer, 538.79 ,5
896,41,Germany,Sydney,Luxury,Agent,4,14,Winter, 589.88 ,3
897,32,Australia,Cape Town,Standard,Online,3,3,Fall," 3,139.71 ",3
898,47,UK,New York,Standard,Agent,4,12,Spring," 2,549.28 ",4
899,59,USA,Paris,Budget,Agent,3,13,Winter," 2,831.07 ",2
900,68,France,Sydney,Luxury,Agent,2,10,Winter, 533.58 ,3
901,34,UK,New York,Standard,Agent,1,10,Spring," 2,402.09 ",2
902,22,UK,Tokyo,Standard,Agent,1,3,Spring," 3,731.31 ",4
903,46,USA,Tokyo,Standard,Online,3,11,Fall," 2,492.12 ",2
904,21,Canada,New York,Standard,Agent,2,4,Fall," 3,794.99 ",2
905,27,Germany,Paris,Standard,Online,3,14,Winter," 1,548.59 ",2
906,34,Australia,Tokyo,Standard,Agent,2,11,Winter," 4,159.14 ",3
907,27,Canada,Cape Town,Budget,Direct,4,3,Spring," 3,147.94 ",1
908,34,France,Rome,Luxury,Agent,2,14,Winter," 1,448.43 ",5
909,37,UK,New York,Luxury,Direct,2,12,Winter," 1,565.24 ",2
910,41,USA,New York,Standard,Agent,2,11,Spring," 3,326.14 ",2
911,22,USA,Tokyo,Luxury,Agent,1,6,Winter," 4,234.73 ",2
912,51,Germany,Paris,Luxury,Agent,2,11,Winter," 2,370.33 ",1
913,23,Canada,Cape Town,Luxury,Direct,4,9,Summer," 1,662.35 ",4
914,19,Germany,Paris,Standard,Direct,4,13,Fall," 4,401.55 ",3
915,30,UK,Sydney,Standard,Agent,4,8,Spring," 3,511.71 ",1
916,60,Germany,Sydney,Luxury,Online,2,7,Summer," 2,516.38 ",2
917,60,Australia,Rome,Luxury,Agent,3,13,Fall," 2,695.55 ",1
918,65,USA,Tokyo,Standard,Direct,3,11,Fall," 1,419.15 ",1
919,28,USA,Tokyo,Budget,Agent,4,4,Fall," 3,320.61 ",1
920,68,France,Tokyo,Luxury,Direct,1,13,Summer," 2,114.34 ",4
921,64,France,Rome,Budget,Direct,3,14,Summer," 4,980.40 ",5
922,40,UK,Sydney,Luxury,Direct,2,4,Fall," 2,660.83 ",3
923,33,Australia,Paris,Budget,Agent,3,13,Winter," 2,686.49 ",4
924,48,Canada,Rome,Budget,Direct,4,14,Winter," 3,046.33 ",4
925,28,Germany,Rome,Budget,Direct,1,11,Summer," 4,625.40 ",5
926,33,UK,Paris,Standard,Agent,3,14,Summer," 4,103.68 ",4
927,25,France,Tokyo,Budget,Direct,3,5,Summer," 2,530.09 ",1
928,21,Germany,Cape Town,Budget,Agent,4,10,Fall," 3,734.15 ",1
929,57,France,Paris,Budget,Direct,1,13,Winter," 3,138.06 ",2
930,21,Germany,Sydney,Luxury,Online,1,11,Summer," 2,715.65 ",4
931,42,Canada,New York,Budget,Online,4,10,Summer," 1,365.42 ",2
932,20,UK,New York,Luxury,Direct,2,6,Spring," 2,587.71 ",3
933,49,Germany,Rome,Budget,Online,3,14,Fall," 1,606.18 ",1
934,20,Australia,New York,Budget,Agent,2,3,Spring," 4,616.79 ",3
935,44,USA,Cape Town,Standard,Online,3,6,Winter," 2,009.33 ",5
936,46,Australia,Tokyo,Luxury,Direct,3,11,Spring," 4,785.19 ",1
937,49,Australia,Sydney,Budget,Direct,2,4,Spring," 2,898.75 ",3
938,67,USA,Cape Town,Luxury,Agent,4,5,Spring," 3,341.95 ",5
939,68,Australia,Sydney,Luxury,Direct,4,12,Fall," 2,943.23 ",3
940,36,Germany,Sydney,Standard,Agent,3,10,Winter," 1,082.21 ",5
941,38,Germany,Tokyo,Standard,Online,4,8,Spring," 2,191.20 ",5
942,22,Germany,Rome,Standard,Online,3,10,Fall, 946.16 ,1
943,35,USA,New York,Standard,Agent,4,9,Winter," 3,303.29 ",2
944,45,Australia,Tokyo,Standard,Agent,3,7,Summer," 2,510.93 ",5
945,59,USA,Cape Town,Standard,Direct,4,11,Spring," 4,000.93 ",5
946,39,Germany,Rome,Standard,Online,1,6,Winter," 1,492.12 ",1
947,38,Australia,Cape Town,Standard,Agent,2,8,Spring," 1,240.55 ",2
948,23,Australia,Rome,Budget,Online,1,4,Summer," 2,328.50 ",4
949,18,France,Cape Town,Luxury,Agent,2,4,Winter," 4,669.63 ",4
950,22,France,Tokyo,Standard,Online,2,4,Fall," 3,696.90 ",2
951,58,Canada,Rome,Standard,Direct,3,12,Winter," 2,385.16 ",3
952,29,UK,Rome,Luxury,Online,2,9,Fall," 2,827.72 ",1
953,43,France,Sydney,Budget,Online,1,4,Winter, 878.96 ,2
954,63,USA,Sydney,Luxury,Online,1,14,Fall," 4,930.59 ",4
955,51,France,Paris,Luxury,Online,4,4,Summer," 3,498.83 ",5
956,66,Canada,Cape Town,Standard,Online,1,11,Summer," 1,784.32 ",4
957,31,Australia,Sydney,Luxury,Direct,4,9,Summer," 3,136.14 ",5
958,43,Canada,Paris,Luxury,Agent,2,13,Winter, 992.67 ,1
959,62,Australia,Sydney,Standard,Online,1,5,Summer," 4,846.27 ",5
960,44,Australia,Cape Town,Standard,Direct,2,5,Spring," 1,286.53 ",2
961,26,UK,Rome,Standard,Online,1,9,Summer," 3,416.14 ",5
962,43,France,New York,Standard,Online,1,7,Fall," 1,604.55 ",3
963,64,USA,Cape Town,Luxury,Agent,4,12,Fall," 3,729.03 ",2
964,39,USA,Tokyo,Luxury,Online,2,8,Fall," 3,995.70 ",1
965,64,Germany,Sydney,Budget,Direct,1,14,Winter," 3,530.39 ",2
966,47,Australia,Sydney,Budget,Direct,3,10,Spring," 3,265.25 ",3
967,60,USA,Rome,Luxury,Agent,2,11,Summer," 4,516.11 ",1
968,65,UK,Tokyo,Budget,Online,2,3,Spring, 853.82 ,4
969,34,Australia,Rome,Luxury,Direct,2,5,Spring," 1,989.12 ",3
970,43,UK,Tokyo,Budget,Online,4,13,Fall," 1,617.29 ",1
971,53,USA,New York,Standard,Online,3,9,Fall," 4,946.06 ",5
972,18,USA,Sydney,Budget,Online,2,8,Fall," 2,252.25 ",2
973,25,Germany,Sydney,Standard,Agent,1,9,Winter," 3,796.76 ",1
974,66,USA,New York,Standard,Online,1,10,Spring," 3,581.26 ",2
975,52,Australia,Paris,Standard,Direct,4,8,Spring," 1,454.37 ",5
976,69,Australia,Rome,Standard,Online,1,5,Winter," 1,575.49 ",1
977,32,Australia,New York,Budget,Direct,2,4,Winter," 1,765.78 ",4
978,64,Germany,Rome,Luxury,Online,1,14,Winter," 2,350.07 ",3
979,39,Germany,Cape Town,Standard,Direct,2,9,Spring," 1,554.46 ",1
980,31,USA,Sydney,Budget,Direct,1,14,Spring, 588.43 ,5
981,43,Canada,Rome,Standard,Online,3,14,Fall," 4,457.27 ",1
982,45,Canada,Tokyo,Budget,Online,4,14,Fall," 4,845.24 ",2
983,40,Germany,Rome,Budget,Direct,4,13,Spring," 2,037.07 ",1
984,31,USA,Cape Town,Budget,Agent,3,3,Fall," 2,023.28 ",4
985,41,Canada,Sydney,Luxury,Online,3,5,Winter, 531.91 ,1
986,19,USA,New York,Budget,Agent,4,14,Summer," 3,561.13 ",3
987,62,USA,Cape Town,Budget,Online,3,13,Fall," 4,214.48 ",1
988,43,USA,Sydney,Luxury,Online,2,6,Spring," 1,159.74 ",2
989,31,France,Rome,Luxury,Online,1,3,Fall," 1,218.50 ",1
990,68,Australia,Paris,Budget,Online,4,7,Fall," 4,055.37 ",4
991,24,USA,Paris,Luxury,Agent,3,12,Fall," 3,273.31 ",5
992,20,France,Tokyo,Standard,Online,2,5,Summer, 701.87 ,1
993,64,Germany,Sydney,Standard,Direct,4,4,Winter," 3,301.46 ",1
994,40,Canada,Paris,Luxury,Direct,3,5,Spring," 1,890.13 ",3
995,63,Australia,New York,Luxury,Agent,4,10,Summer," 2,159.26 ",4
996,60,Canada,Sydney,Budget,Online,3,8,Spring," 3,963.79 ",5
997,64,Australia,New York,Luxury,Direct,4,9,Spring," 4,149.21 ",2
998,62,Canada,New York,Budget,Agent,2,14,Spring," 2,301.60 ",1
999,35,Australia,Paris,Standard,Online,2,8,Summer," 4,762.19 ",5
1000,55,Canada,Sydney,Luxury,Direct,1,8,Winter," 2,329.08 ",2
